이름,나이,거주지
이재민,27,서울
홍길동,30,서울
아무개,25,강원
이재민,27,서울
홍길동,30,서울
아무개,25,강원
이재민,27,서울
홍길동,30,서울
아무개,25,강원
이재민,27,서울
홍길동,30,서울
아무개,25,강원
이재민,27,서울
홍길동,30,서울
아무개,25,강원
이재민,27,서울
홍길동,30,서울
아무개,25,강원
이재민,27,서울
홍길동,30,서울
아무개,25,강원
이재민,27,서울
홍길동,30,서울
아무개,25,강원
이재민,27,서울
홍길동,30,서울
아무개,25,강원
이재민,27,서울
홍길동,30,서울
아무개,25,강원
이재민,27,서울
홍길동,30,서울
아무개,25,강원
이재민,27,서울
홍길동,30,서울
아무개,25,강원
이재민,27,서울
홍길동,30,서울
아무개,25,강원
이재민,27,서울
홍길동,30,서울
아무개,25,강원
이재민,27,서울
홍길동,30,서울
아무개,25,강원
이재민,27,서울
홍길동,30,서울
아무개,25,강원
이재민,27,서울
홍길동,30,서울
아무개,25,강원
이재민,27,서울
홍길동,30,서울
아무개,25,강원
이재민,27,서울
홍길동,30,서울
아무개,25,강원
이재민,27,서울
홍길동,30,서울
아무개,25,강원
이재민,27,서울
홍길동,30,서울
아무개,25,강원
이재민,27,서울
홍길동,30,서울
아무개,25,강원
이재민,27,서울
홍길동,30,서울
아무개,25,강원
이재민,27,서울
홍길동,30,서울
아무개,25,강원
이재민,27,서울
홍길동,30,서울
아무개,25,강원
이재민,27,서울
홍길동,30,서울
아무개,25,강원
이재민,27,서울
홍길동,30,서울
아무개,25,강원
이재민,27,서울
홍길동,30,서울
아무개,25,강원
이재민,27,서울
홍길동,30,서울
아무개,25,강원
이재민,27,서울
홍길동,30,서울
아무개,25,강원
이재민,27,서울
홍길동,30,서울
아무개,25,강원
이재민,27,서울
홍길동,30,서울
아무개,25,강원
이재민,27,서울
홍길동,30,서울
아무개,25,강원
이재민,27,서울